POP_SIZE,mut_prob,xo_prob,mutation,crossover,selection_algorithm,elitism,median_fitness,mean_fitness,std_fitness,min_fitness,max_fitness
50,0.1,0.1,single_player_swap_2teams,crossover_swap_whole_position,roulette_selection,False,0.10690449676496672,0.10290489016593357,0.040687609159551816,0.05714285714285552,0.209956263667129
50,0.1,0.5,single_player_swap_2teams,crossover_swap_whole_position,roulette_selection,False,0.10690449676496672,0.09085594976634061,0.03157367688958356,0.05714285714285552,0.1895214165917356
50,0.1,1,single_player_swap_2teams,crossover_swap_whole_position,roulette_selection,False,0.05714285714285552,0.0674262680399421,0.024975315922256543,0.05714285714285552,0.16659862556700822
50,0.5,0.1,single_player_swap_2teams,crossover_swap_whole_position,roulette_selection,False,0.05714285714285552,0.06156251130698901,0.017078930137389835,0.05714285714285552,0.13997084244474906
50,0.5,0.5,single_player_swap_2teams,crossover_swap_whole_position,roulette_selection,False,0.05714285714285552,0.05714285714285553,1.3877787807814457e-17,0.05714285714285552,0.05714285714285552
50,0.5,1,single_player_swap_2teams,crossover_swap_whole_position,roulette_selection,False,0.05714285714285552,0.06653163975336265,0.02726919395470675,0.05714285714285552,0.1895214165917356
50,1,0.1,single_player_swap_2teams,crossover_swap_whole_position,roulette_selection,False,0.16659862556700822,0.16366579404296483,0.06294288824015935,0.05714285714285552,0.30505937862946536
50,1,0.5,single_player_swap_2teams,crossover_swap_whole_position,roulette_selection,False,0.21926384611927802,0.20787697597482607,0.06214493375597086,0.05714285714285552,0.31815796359028886
50,1,1,single_player_swap_2teams,crossover_swap_whole_position,roulette_selection,False,0.2538210950993469,0.24908369818445794,0.06170617015184109,0.13997084244474906,0.35456210417116735
