POP_SIZE,mut_prob,xo_prob,mutation,crossover,selection_algorithm,elitism,median_fitness,mean_fitness,std_fitness,min_fitness,max_fitness
100,0.1,0.1,full_position_swap_2teams,crossover_swap_extreme_player,roulette_selection,True,0.10690449676496672,0.09228924426166439,0.03575770911226452,0.05714285714285552,0.1895214165917356
100,0.1,0.5,full_position_swap_2teams,crossover_swap_extreme_player,roulette_selection,True,0.10690449676496672,0.09615942414355842,0.0330681297142832,0.05714285714285552,0.16659862556700822
100,0.1,1,full_position_swap_2teams,crossover_swap_extreme_player,roulette_selection,True,0.08202367695391112,0.08511569276997194,0.030308153200249273,0.05714285714285552,0.16659862556700386
100,0.5,0.1,full_position_swap_2teams,crossover_swap_extreme_player,roulette_selection,True,0.05714285714285552,0.07925193603701917,0.02817730587470539,0.05714285714285552,0.13997084244475427
100,0.5,0.5,full_position_swap_2teams,crossover_swap_extreme_player,roulette_selection,True,0.05714285714285552,0.07538879167096298,0.02397985595770614,0.05714285714285552,0.10690449676496672
100,0.5,1,full_position_swap_2teams,crossover_swap_extreme_player,roulette_selection,True,0.05714285714285552,0.06046029978432962,0.012412733764670347,0.05714285714285552,0.10690449676496672
100,1,0.1,full_position_swap_2teams,crossover_swap_extreme_player,roulette_selection,True,0.05714285714285552,0.06211902110506665,0.014928491886633363,0.05714285714285552,0.10690449676496672
100,1,0.5,full_position_swap_2teams,crossover_swap_extreme_player,roulette_selection,True,0.05714285714285552,0.06487995394846328,0.020406908530718863,0.05714285714285552,0.13997084244475427
100,1,1,full_position_swap_2teams,crossover_swap_extreme_player,roulette_selection,True,0.05714285714285552,0.06543646374654073,0.018545068144481265,0.05714285714285552,0.10690449676496672
